Run,ReleaseDate,LoadDate,spots,bases,spots_with_mates,avgLength,size_MB,AssemblyName,download_path,Experiment,LibraryName,LibraryStrategy,LibrarySelection,LibrarySource,LibraryLayout,InsertSize,InsertDev,Platform,Model,SRAStudy,BioProject,Study_Pubmed_id,ProjectID,Sample,BioSample,SampleType,TaxID,ScientificName,SampleName,g1k_pop_code,source,g1k_analysis_group,Subject_ID,Sex,Disease,Tumor,Affection_Status,Analyte_Type,Histological_Type,Body_Site,CenterName,Submission,dbgap_study_accession,Consent,RunHash,ReadHash
SRR12542161,2021-01-02 12:29:32,2020-08-28 18:38:27,1239198,186288373,1239198,150,63,,https://sra-downloadb.be-md.ncbi.nlm.nih.gov/sos9/sra-pub-zq-924/SRR012/12542/SRR12542161/SRR12542161.lite.1,SRX9031673,,RNA-Seq,cDNA,TRANSCRIPTOMIC,PAIRED,0,0,ILLUMINA,Illumina MiSeq,SRP279252,PRJNA660052,3,660052,SRS7282954,SAMN15934498,simple,4153,Craterostigma plantagineum,GSM4752939,,,,,,,no,,,,,GEO,SRA1118703,,public,4C6AEE8F248724FF9531D89691D23F20,C832D15DE9F9D1AFEF6332A09D6F08E1
SRR12542162,2021-01-02 12:29:32,2020-08-28 18:38:38,2028150,305087201,2028150,150,115,,https://sra-downloadb.be-md.ncbi.nlm.nih.gov/sos9/sra-pub-zq-924/SRR012/12542/SRR12542162/SRR12542162.lite.1,SRX9031673,,RNA-Seq,cDNA,TRANSCRIPTOMIC,PAIRED,0,0,ILLUMINA,Illumina MiSeq,SRP279252,PRJNA660052,3,660052,SRS7282954,SAMN15934498,simple,4153,Craterostigma plantagineum,GSM4752939,,,,,,,no,,,,,GEO,SRA1118703,,public,59B6DD20DE6407443460B44F12AA3BDF,61EA65495836E6968BB2C29ADBCDAB38
SRR12542163,2021-01-02 12:29:32,2020-08-28 18:39:07,2636395,396817646,2636395,150,170,,https://sra-downloadb.be-md.ncbi.nlm.nih.gov/sos9/sra-pub-zq-924/SRR012/12542/SRR12542163/SRR12542163.lite.1,SRX9031673,,RNA-Seq,cDNA,TRANSCRIPTOMIC,PAIRED,0,0,ILLUMINA,Illumina MiSeq,SRP279252,PRJNA660052,3,660052,SRS7282954,SAMN15934498,simple,4153,Craterostigma plantagineum,GSM4752939,,,,,,,no,,,,,GEO,SRA1118703,,public,7AC3D1E5358F63816275D3C1F9A2E3AB,3BEE55FE3FB40C51E53C824EF7F0CC9B
SRR12542164,2021-01-02 12:29:32,2020-08-28 18:39:10,2968240,446934583,2968240,150,213,,https://sra-downloadb.be-md.ncbi.nlm.nih.gov/sos9/sra-pub-zq-924/SRR012/12542/SRR12542164/SRR12542164.lite.1,SRX9031673,,RNA-Seq,cDNA,TRANSCRIPTOMIC,PAIRED,0,0,ILLUMINA,Illumina MiSeq,SRP279252,PRJNA660052,3,660052,SRS7282954,SAMN15934498,simple,4153,Craterostigma plantagineum,GSM4752939,,,,,,,no,,,,,GEO,SRA1118703,,public,DF72BF789B41952B92FCBCF81CC173DF,C4B038272E8F0C75C2A283634BD94C0B
SRR12542165,2021-01-02 12:29:32,2020-08-28 18:38:42,1781589,268008298,1781589,150,98,,https://sra-downloadb.be-md.ncbi.nlm.nih.gov/sos9/sra-pub-zq-924/SRR012/12542/SRR12542165/SRR12542165.lite.1,SRX9031673,,RNA-Seq,cDNA,TRANSCRIPTOMIC,PAIRED,0,0,ILLUMINA,Illumina MiSeq,SRP279252,PRJNA660052,3,660052,SRS7282954,SAMN15934498,simple,4153,Craterostigma plantagineum,GSM4752939,,,,,,,no,,,,,GEO,SRA1118703,,public,2F78DF9963F8F0A18C648B07CC07904C,0FA1D481049636CF5E030AB8F56B2018
SRR12542166,2021-01-02 12:29:32,2020-08-28 18:38:38,1202027,179962689,1202027,149,61,,https://sra-downloadb.be-md.ncbi.nlm.nih.gov/sos9/sra-pub-zq-924/SRR012/12542/SRR12542166/SRR12542166.lite.1,SRX9031674,,RNA-Seq,cDNA,TRANSCRIPTOMIC,PAIRED,0,0,ILLUMINA,Illumina MiSeq,SRP279252,PRJNA660052,3,660052,SRS7282952,SAMN15934497,simple,4153,Craterostigma plantagineum,GSM4752940,,,,,,,no,,,,,GEO,SRA1118703,,public,BF3368337A2CC809F2D562AA5DFE4893,44875152C34E6B3F2C106D3B214AD0AA
SRR12542167,2021-01-02 12:29:32,2020-08-28 18:38:47,1958380,293519691,1958380,149,111,,https://sra-downloadb.be-md.ncbi.nlm.nih.gov/sos9/sra-pub-zq-924/SRR012/12542/SRR12542167/SRR12542167.lite.1,SRX9031674,,RNA-Seq,cDNA,TRANSCRIPTOMIC,PAIRED,0,0,ILLUMINA,Illumina MiSeq,SRP279252,PRJNA660052,3,660052,SRS7282952,SAMN15934497,simple,4153,Craterostigma plantagineum,GSM4752940,,,,,,,no,,,,,GEO,SRA1118703,,public,F15878FE7CA3BD4B575BD76545F33304,3B0D267107F214101D5E7E7B375D38BA
SRR12542168,2021-01-02 12:29:32,2020-08-28 18:39:18,2575939,386491328,2575939,150,166,,https://sra-downloadb.be-md.ncbi.nlm.nih.gov/sos9/sra-pub-zq-924/SRR012/12542/SRR12542168/SRR12542168.lite.1,SRX9031674,,RNA-Seq,cDNA,TRANSCRIPTOMIC,PAIRED,0,0,ILLUMINA,Illumina MiSeq,SRP279252,PRJNA660052,3,660052,SRS7282952,SAMN15934497,simple,4153,Craterostigma plantagineum,GSM4752940,,,,,,,no,,,,,GEO,SRA1118703,,public,3C2D706F811D90A4DA3CDB056DF1F58D,931F63210F6AF938517FF667F6109DFB
SRR12542169,2021-01-02 12:29:32,2020-08-28 18:39:39,2998638,450272363,2998638,150,215,,https://sra-downloadb.be-md.ncbi.nlm.nih.gov/sos9/sra-pub-zq-922/SRR012/12542/SRR12542169/SRR12542169.lite.1,SRX9031674,,RNA-Seq,cDNA,TRANSCRIPTOMIC,PAIRED,0,0,ILLUMINA,Illumina MiSeq,SRP279252,PRJNA660052,3,660052,SRS7282952,SAMN15934497,simple,4153,Craterostigma plantagineum,GSM4752940,,,,,,,no,,,,,GEO,SRA1118703,,public,93DD74BBF70E504704B15616CA8FB4D0,5628ECD58364D65C2383CEF6D58C8C01
SRR12542170,2021-01-02 12:29:32,2020-08-28 18:38:57,1714039,256816369,1714039,149,94,,https://sra-downloadb.be-md.ncbi.nlm.nih.gov/sos9/sra-pub-zq-922/SRR012/12542/SRR12542170/SRR12542170.lite.1,SRX9031674,,RNA-Seq,cDNA,TRANSCRIPTOMIC,PAIRED,0,0,ILLUMINA,Illumina MiSeq,SRP279252,PRJNA660052,3,660052,SRS7282952,SAMN15934497,simple,4153,Craterostigma plantagineum,GSM4752940,,,,,,,no,,,,,GEO,SRA1118703,,public,AAFCEFFFE7F330F951C47B7BC7BA3785,55172673769AC93578DFC5B4D5A0A481
SRR12542171,2021-01-02 12:29:32,2020-08-28 18:38:35,1145897,171915270,1145897,150,59,,https://sra-downloadb.be-md.ncbi.nlm.nih.gov/sos9/sra-pub-zq-924/SRR012/12542/SRR12542171/SRR12542171.lite.1,SRX9031675,,RNA-Seq,cDNA,TRANSCRIPTOMIC,PAIRED,0,0,ILLUMINA,Illumina MiSeq,SRP279252,PRJNA660052,3,660052,SRS7282953,SAMN15934495,simple,4153,Craterostigma plantagineum,GSM4752941,,,,,,,no,,,,,GEO,SRA1118703,,public,2DDED2D03D6C6C499F1DBF91BF077608,E080EE0B108A1DAF35D42EAFCA11A7A9
SRR12542172,2021-01-02 12:29:32,2020-08-28 18:39:00,1816501,272747840,1816501,150,106,,https://sra-downloadb.be-md.ncbi.nlm.nih.gov/sos9/sra-pub-zq-922/SRR012/12542/SRR12542172/SRR12542172.lite.1,SRX9031675,,RNA-Seq,cDNA,TRANSCRIPTOMIC,PAIRED,0,0,ILLUMINA,Illumina MiSeq,SRP279252,PRJNA660052,3,660052,SRS7282953,SAMN15934495,simple,4153,Craterostigma plantagineum,GSM4752941,,,,,,,no,,,,,GEO,SRA1118703,,public,DC6FB985827FD1221DD76AE1116E74A4,63A5290EE2A94AD5BDC36443E1EFF74F
SRR12542173,2021-01-02 12:29:32,2020-08-28 18:39:28,2176981,327153910,2176981,150,144,,https://sra-downloadb.be-md.ncbi.nlm.nih.gov/sos9/sra-pub-zq-924/SRR012/12542/SRR12542173/SRR12542173.lite.1,SRX9031675,,RNA-Seq,cDNA,TRANSCRIPTOMIC,PAIRED,0,0,ILLUMINA,Illumina MiSeq,SRP279252,PRJNA660052,3,660052,SRS7282953,SAMN15934495,simple,4153,Craterostigma plantagineum,GSM4752941,,,,,,,no,,,,,GEO,SRA1118703,,public,C6330E72A551C96B4387AAC4D16142EC,E72103860DA1623DE393655D10F6DBE9
SRR12542174,2021-01-02 12:29:32,2020-08-28 18:39:22,2368499,356135654,2368499,150,173,,https://sra-downloadb.be-md.ncbi.nlm.nih.gov/sos9/sra-pub-zq-924/SRR012/12542/SRR12542174/SRR12542174.lite.1,SRX9031675,,RNA-Seq,cDNA,TRANSCRIPTOMIC,PAIRED,0,0,ILLUMINA,Illumina MiSeq,SRP279252,PRJNA660052,3,660052,SRS7282953,SAMN15934495,simple,4153,Craterostigma plantagineum,GSM4752941,,,,,,,no,,,,,GEO,SRA1118703,,public,A025B51A882BBA25F99E3DE038E2106A,B510AE1BADE1C7AB835360F2ABAC9284
SRR12542175,2021-01-02 12:29:32,2020-08-28 18:39:02,1610420,241765964,1610420,150,91,,https://sra-downloadb.be-md.ncbi.nlm.nih.gov/sos9/sra-pub-zq-922/SRR012/12542/SRR12542175/SRR12542175.lite.1,SRX9031675,,RNA-Seq,cDNA,TRANSCRIPTOMIC,PAIRED,0,0,ILLUMINA,Illumina MiSeq,SRP279252,PRJNA660052,3,660052,SRS7282953,SAMN15934495,simple,4153,Craterostigma plantagineum,GSM4752941,,,,,,,no,,,,,GEO,SRA1118703,,public,3F0195FE6550FAC3970CA13183C50250,4C637B10A64EB8B2F682449E640F4D2C
SRR12542176,2021-01-02 12:29:32,2020-08-28 18:38:49,1317960,197755741,1317960,150,67,,https://sra-downloadb.be-md.ncbi.nlm.nih.gov/sos9/sra-pub-zq-924/SRR012/12542/SRR12542176/SRR12542176.lite.1,SRX9031676,,RNA-Seq,cDNA,TRANSCRIPTOMIC,PAIRED,0,0,ILLUMINA,Illumina MiSeq,SRP279252,PRJNA660052,3,660052,SRS7282955,SAMN15934494,simple,4153,Craterostigma plantagineum,GSM4752942,,,,,,,no,,,,,GEO,SRA1118703,,public,F3F38768ADCFDEF97EFF270FC3A3F234,4C0D252604F08DD0B8779A34F9503208
SRR12542177,2021-01-02 12:29:32,2020-08-28 18:39:30,2155725,323752821,2155725,150,122,,https://sra-downloadb.be-md.ncbi.nlm.nih.gov/sos9/sra-pub-zq-924/SRR012/12542/SRR12542177/SRR12542177.lite.1,SRX9031676,,RNA-Seq,cDNA,TRANSCRIPTOMIC,PAIRED,0,0,ILLUMINA,Illumina MiSeq,SRP279252,PRJNA660052,3,660052,SRS7282955,SAMN15934494,simple,4153,Craterostigma plantagineum,GSM4752942,,,,,,,no,,,,,GEO,SRA1118703,,public,FF2DB964CFEBA367915C1DD93DBD2A6C,780953ABBA5780A73E534D4E428A96ED
SRR12542178,2021-01-02 12:29:32,2020-08-28 18:39:52,2951410,443669748,2951410,150,190,,https://sra-downloadb.be-md.ncbi.nlm.nih.gov/sos9/sra-pub-zq-922/SRR012/12542/SRR12542178/SRR12542178.lite.1,SRX9031676,,RNA-Seq,cDNA,TRANSCRIPTOMIC,PAIRED,0,0,ILLUMINA,Illumina MiSeq,SRP279252,PRJNA660052,3,660052,SRS7282955,SAMN15934494,simple,4153,Craterostigma plantagineum,GSM4752942,,,,,,,no,,,,,GEO,SRA1118703,,public,D12E4BEF5407ACDA25451B72B18A5D69,39252721BE9C7C967A406E3485C43887
SRR12542179,2021-01-02 12:29:32,2020-08-28 18:40:09,3300086,496320986,3300086,150,236,,https://sra-downloadb.be-md.ncbi.nlm.nih.gov/sos9/sra-pub-zq-922/SRR012/12542/SRR12542179/SRR12542179.lite.1,SRX9031676,,RNA-Seq,cDNA,TRANSCRIPTOMIC,PAIRED,0,0,ILLUMINA,Illumina MiSeq,SRP279252,PRJNA660052,3,660052,SRS7282955,SAMN15934494,simple,4153,Craterostigma plantagineum,GSM4752942,,,,,,,no,,,,,GEO,SRA1118703,,public,70CD5BC392A587641850DC0654485415,9FD617300C5C2FC2C58A0D74C80A8CAC
SRR12542180,2021-01-02 12:29:32,2020-08-28 18:39:30,1884760,282998210,1884760,150,104,,https://sra-downloadb.be-md.ncbi.nlm.nih.gov/sos9/sra-pub-zq-924/SRR012/12542/SRR12542180/SRR12542180.lite.1,SRX9031676,,RNA-Seq,cDNA,TRANSCRIPTOMIC,PAIRED,0,0,ILLUMINA,Illumina MiSeq,SRP279252,PRJNA660052,3,660052,SRS7282955,SAMN15934494,simple,4153,Craterostigma plantagineum,GSM4752942,,,,,,,no,,,,,GEO,SRA1118703,,public,E33DE2723CA6BAA223D112D57BFC9278,60049D53D7646AB8B22860FE49163D62
SRR12542181,2021-01-02 12:29:32,2020-08-28 18:39:19,1138679,170619953,1138679,149,58,,https://sra-downloadb.be-md.ncbi.nlm.nih.gov/sos9/sra-pub-zq-924/SRR012/12542/SRR12542181/SRR12542181.lite.1,SRX9031677,,RNA-Seq,cDNA,TRANSCRIPTOMIC,PAIRED,0,0,ILLUMINA,Illumina MiSeq,SRP279252,PRJNA660052,3,660052,SRS7282956,SAMN15934492,simple,4153,Craterostigma plantagineum,GSM4752943,,,,,,,no,,,,,GEO,SRA1118703,,public,8C6B5860C6C36F219523BFD5DC156861,84B2CD11258B5359D3C166A4C48F77B2
SRR12542182,2021-01-02 12:29:32,2020-08-28 18:39:25,1853972,278051670,1853972,149,105,,https://sra-downloadb.be-md.ncbi.nlm.nih.gov/sos9/sra-pub-zq-924/SRR012/12542/SRR12542182/SRR12542182.lite.1,SRX9031677,,RNA-Seq,cDNA,TRANSCRIPTOMIC,PAIRED,0,0,ILLUMINA,Illumina MiSeq,SRP279252,PRJNA660052,3,660052,SRS7282956,SAMN15934492,simple,4153,Craterostigma plantagineum,GSM4752943,,,,,,,no,,,,,GEO,SRA1118703,,public,C5EF8DEB60087E18C29EC2C055D84A00,CCDE856D10EFBAF3C0B060A06B066100
SRR12542183,2021-01-02 12:29:32,2020-08-28 18:39:44,2524119,378967892,2524119,150,162,,https://sra-downloadb.be-md.ncbi.nlm.nih.gov/sos9/sra-pub-zq-922/SRR012/12542/SRR12542183/SRR12542183.lite.1,SRX9031677,,RNA-Seq,cDNA,TRANSCRIPTOMIC,PAIRED,0,0,ILLUMINA,Illumina MiSeq,SRP279252,PRJNA660052,3,660052,SRS7282956,SAMN15934492,simple,4153,Craterostigma plantagineum,GSM4752943,,,,,,,no,,,,,GEO,SRA1118703,,public,6598AF2CE87488C5C4834396747587DB,A2A2BC988CB1232C80BA1DAF976C3F52
SRR12542184,2021-01-02 12:29:32,2020-08-28 18:39:51,2824492,424312973,2824492,150,201,,https://sra-downloadb.be-md.ncbi.nlm.nih.gov/sos9/sra-pub-zq-922/SRR012/12542/SRR12542184/SRR12542184.lite.1,SRX9031677,,RNA-Seq,cDNA,TRANSCRIPTOMIC,PAIRED,0,0,ILLUMINA,Illumina MiSeq,SRP279252,PRJNA660052,3,660052,SRS7282956,SAMN15934492,simple,4153,Craterostigma plantagineum,GSM4752943,,,,,,,no,,,,,GEO,SRA1118703,,public,79480401A9AB71C75647AF406804B992,CEB590AAE9459666F87F927F40061B75
SRR12542185,2021-01-02 12:29:32,2020-08-28 18:39:29,1624430,243611007,1624430,149,89,,https://sra-downloadb.be-md.ncbi.nlm.nih.gov/sos9/sra-pub-zq-924/SRR012/12542/SRR12542185/SRR12542185.lite.1,SRX9031677,,RNA-Seq,cDNA,TRANSCRIPTOMIC,PAIRED,0,0,ILLUMINA,Illumina MiSeq,SRP279252,PRJNA660052,3,660052,SRS7282956,SAMN15934492,simple,4153,Craterostigma plantagineum,GSM4752943,,,,,,,no,,,,,GEO,SRA1118703,,public,2CD251A9B5114701DF605F4B93877D0B,30739668B58F9764FCD50D666A7310FB
SRR12542186,2021-01-02 12:29:32,2020-08-28 18:39:33,1229251,184388239,1229251,150,62,,https://sra-downloadb.be-md.ncbi.nlm.nih.gov/sos9/sra-pub-zq-922/SRR012/12542/SRR12542186/SRR12542186.lite.1,SRX9031678,,RNA-Seq,cDNA,TRANSCRIPTOMIC,PAIRED,0,0,ILLUMINA,Illumina MiSeq,SRP279252,PRJNA660052,3,660052,SRS7282957,SAMN15934491,simple,4153,Craterostigma plantagineum,GSM4752944,,,,,,,no,,,,,GEO,SRA1118703,,public,9C91C86271E3E91E204990143427C244,C07C7531A15EEA3A33681B6C141BEF30
SRR12542187,2021-01-02 12:29:32,2020-08-28 18:39:40,1999227,300168446,1999227,150,113,,https://sra-downloadb.be-md.ncbi.nlm.nih.gov/sos9/sra-pub-zq-922/SRR012/12542/SRR12542187/SRR12542187.lite.1,SRX9031678,,RNA-Seq,cDNA,TRANSCRIPTOMIC,PAIRED,0,0,ILLUMINA,Illumina MiSeq,SRP279252,PRJNA660052,3,660052,SRS7282957,SAMN15934491,simple,4153,Craterostigma plantagineum,GSM4752944,,,,,,,no,,,,,GEO,SRA1118703,,public,48CEE2F5EDB445B38202913C0CA6B6E8,0DBCA6F3B4FA5DD7BF5536A414E064F6
SRR12542188,2021-01-02 12:29:32,2020-08-28 18:40:03,2698516,405489809,2698516,150,174,,https://sra-downloadb.be-md.ncbi.nlm.nih.gov/sos9/sra-pub-zq-922/SRR012/12542/SRR12542188/SRR12542188.lite.1,SRX9031678,,RNA-Seq,cDNA,TRANSCRIPTOMIC,PAIRED,0,0,ILLUMINA,Illumina MiSeq,SRP279252,PRJNA660052,3,660052,SRS7282957,SAMN15934491,simple,4153,Craterostigma plantagineum,GSM4752944,,,,,,,no,,,,,GEO,SRA1118703,,public,B2DD1988B4816E726C341F3B046E6EB5,2FBF810652C8D7D5F14E1E080B136B42
SRR12542189,2021-01-02 12:29:32,2020-08-28 18:40:10,3059423,459974795,3059423,150,219,,https://sra-downloadb.be-md.ncbi.nlm.nih.gov/sos9/sra-pub-zq-922/SRR012/12542/SRR12542189/SRR12542189.lite.1,SRX9031678,,RNA-Seq,cDNA,TRANSCRIPTOMIC,PAIRED,0,0,ILLUMINA,Illumina MiSeq,SRP279252,PRJNA660052,3,660052,SRS7282957,SAMN15934491,simple,4153,Craterostigma plantagineum,GSM4752944,,,,,,,no,,,,,GEO,SRA1118703,,public,606A031369D0B20B00149A7D567E9E1F,D5D1DFF8FE3FDDEE84F783C9D60B45AE
SRR12542190,2021-01-02 12:29:32,2020-08-28 18:39:46,1747468,262308768,1747468,150,96,,https://sra-downloadb.be-md.ncbi.nlm.nih.gov/sos9/sra-pub-zq-922/SRR012/12542/SRR12542190/SRR12542190.lite.1,SRX9031678,,RNA-Seq,cDNA,TRANSCRIPTOMIC,PAIRED,0,0,ILLUMINA,Illumina MiSeq,SRP279252,PRJNA660052,3,660052,SRS7282957,SAMN15934491,simple,4153,Craterostigma plantagineum,GSM4752944,,,,,,,no,,,,,GEO,SRA1118703,,public,A268528AC150D986DD47E92EE992ACF0,A36E84C5394CCFCD0B3623923C030967
SRR12542191,2021-01-02 12:29:32,2020-08-28 18:39:43,1291834,193824135,1291834,150,66,,https://sra-downloadb.be-md.ncbi.nlm.nih.gov/sos9/sra-pub-zq-922/SRR012/12542/SRR12542191/SRR12542191.lite.1,SRX9031679,,RNA-Seq,cDNA,TRANSCRIPTOMIC,PAIRED,0,0,ILLUMINA,Illumina MiSeq,SRP279252,PRJNA660052,3,660052,SRS7282958,SAMN15934490,simple,4153,Craterostigma plantagineum,GSM4752945,,,,,,,no,,,,,GEO,SRA1118703,,public,CB5826857386637A16CB447CA14FC0CA,93CD1B79F1128CCBC9077067069FB455
SRR12542192,2021-01-02 12:29:32,2020-08-28 18:40:19,2101072,315494102,2101072,150,119,,https://sra-downloadb.be-md.ncbi.nlm.nih.gov/sos9/sra-pub-zq-924/SRR012/12542/SRR12542192/SRR12542192.lite.1,SRX9031679,,RNA-Seq,cDNA,TRANSCRIPTOMIC,PAIRED,0,0,ILLUMINA,Illumina MiSeq,SRP279252,PRJNA660052,3,660052,SRS7282958,SAMN15934490,simple,4153,Craterostigma plantagineum,GSM4752945,,,,,,,no,,,,,GEO,SRA1118703,,public,326E1EF4671399FB68900A3C1A3598EC,CB17AA4618D2CC0CCDAC14F2761BC8E1
SRR12542193,2021-01-02 12:29:32,2020-08-28 18:40:33,2785494,418631712,2785494,150,179,,https://sra-downloadb.be-md.ncbi.nlm.nih.gov/sos9/sra-pub-zq-922/SRR012/12542/SRR12542193/SRR12542193.lite.1,SRX9031679,,RNA-Seq,cDNA,TRANSCRIPTOMIC,PAIRED,0,0,ILLUMINA,Illumina MiSeq,SRP279252,PRJNA660052,3,660052,SRS7282958,SAMN15934490,simple,4153,Craterostigma plantagineum,GSM4752945,,,,,,,no,,,,,GEO,SRA1118703,,public,C5883D71E58D3A101F407F41B33073DC,19776014C2C39D04AE671240EF94643F
SRR12542194,2021-01-02 12:29:32,2020-08-28 18:40:50,3202936,481583428,3202936,150,228,,https://sra-downloadb.be-md.ncbi.nlm.nih.gov/sos9/sra-pub-zq-924/SRR012/12542/SRR12542194/SRR12542194.lite.1,SRX9031679,,RNA-Seq,cDNA,TRANSCRIPTOMIC,PAIRED,0,0,ILLUMINA,Illumina MiSeq,SRP279252,PRJNA660052,3,660052,SRS7282958,SAMN15934490,simple,4153,Craterostigma plantagineum,GSM4752945,,,,,,,no,,,,,GEO,SRA1118703,,public,7B126D62A8E09759AA3550B7038B3631,FA29487DC855BD1937D709F5270F81C9
SRR12542195,2021-01-02 12:29:32,2020-08-28 18:40:06,1838385,276026581,1838385,150,101,,https://sra-downloadb.be-md.ncbi.nlm.nih.gov/sos9/sra-pub-zq-922/SRR012/12542/SRR12542195/SRR12542195.lite.1,SRX9031679,,RNA-Seq,cDNA,TRANSCRIPTOMIC,PAIRED,0,0,ILLUMINA,Illumina MiSeq,SRP279252,PRJNA660052,3,660052,SRS7282958,SAMN15934490,simple,4153,Craterostigma plantagineum,GSM4752945,,,,,,,no,,,,,GEO,SRA1118703,,public,4A5F8E1A46A9869ACEA40230C170FBAD,9BD7CCC9FA886BF3948466E1135D392C
SRR12542196,2021-01-02 12:29:32,2020-08-28 18:40:14,1498669,224734214,1498669,149,76,,https://sra-downloadb.be-md.ncbi.nlm.nih.gov/sos9/sra-pub-zq-922/SRR012/12542/SRR12542196/SRR12542196.lite.1,SRX9031680,,RNA-Seq,cDNA,TRANSCRIPTOMIC,PAIRED,0,0,ILLUMINA,Illumina MiSeq,SRP279252,PRJNA660052,3,660052,SRS7282959,SAMN15934488,simple,4153,Craterostigma plantagineum,GSM4752946,,,,,,,no,,,,,GEO,SRA1118703,,public,123720BDCAD44E082FF3E6102B1D0C54,63FDA18DFDC7FE576EAAD683C113600F
SRR12542197,2021-01-02 12:29:32,2020-08-28 18:40:31,2436984,365774757,2436984,150,138,,https://sra-downloadb.be-md.ncbi.nlm.nih.gov/sos9/sra-pub-zq-922/SRR012/12542/SRR12542197/SRR12542197.lite.1,SRX9031680,,RNA-Seq,cDNA,TRANSCRIPTOMIC,PAIRED,0,0,ILLUMINA,Illumina MiSeq,SRP279252,PRJNA660052,3,660052,SRS7282959,SAMN15934488,simple,4153,Craterostigma plantagineum,GSM4752946,,,,,,,no,,,,,GEO,SRA1118703,,public,D10C4F6C1584B7E060205367487240A0,3CF12973B7AE07E0F3ED9D8724D254F5
SRR12542198,2021-01-02 12:29:32,2020-08-28 18:41:07,3322915,499192485,3322915,150,213,,https://sra-downloadb.be-md.ncbi.nlm.nih.gov/sos9/sra-pub-zq-922/SRR012/12542/SRR12542198/SRR12542198.lite.1,SRX9031680,,RNA-Seq,cDNA,TRANSCRIPTOMIC,PAIRED,0,0,ILLUMINA,Illumina MiSeq,SRP279252,PRJNA660052,3,660052,SRS7282959,SAMN15934488,simple,4153,Craterostigma plantagineum,GSM4752946,,,,,,,no,,,,,GEO,SRA1118703,,public,163C1774E44F3C9B6AC6097415E78B93,756B05B085B893A531CFE4966196C35D
SRR12542199,2021-01-02 12:29:32,2020-08-28 18:41:16,3720431,559207465,3720431,150,265,,https://sra-downloadb.be-md.ncbi.nlm.nih.gov/sos9/sra-pub-zq-922/SRR012/12542/SRR12542199/SRR12542199.lite.1,SRX9031680,,RNA-Seq,cDNA,TRANSCRIPTOMIC,PAIRED,0,0,ILLUMINA,Illumina MiSeq,SRP279252,PRJNA660052,3,660052,SRS7282959,SAMN15934488,simple,4153,Craterostigma plantagineum,GSM4752946,,,,,,,no,,,,,GEO,SRA1118703,,public,289A32CD238503C606D73415E44F64EB,0D1C6B66A1C2408105F124F1BEC2C04F
SRR12542200,2021-01-02 12:29:32,2020-08-28 18:40:32,2130823,319764851,2130823,150,117,,https://sra-downloadb.be-md.ncbi.nlm.nih.gov/sos9/sra-pub-zq-922/SRR012/12542/SRR12542200/SRR12542200.lite.1,SRX9031680,,RNA-Seq,cDNA,TRANSCRIPTOMIC,PAIRED,0,0,ILLUMINA,Illumina MiSeq,SRP279252,PRJNA660052,3,660052,SRS7282959,SAMN15934488,simple,4153,Craterostigma plantagineum,GSM4752946,,,,,,,no,,,,,GEO,SRA1118703,,public,D93C4A8695C2B723E2AEAC3577638F0F,86D4CE8BFE5F5E5FC594613C82B0EC38
SRR12542201,2021-01-02 12:29:32,2020-08-28 18:40:10,1066307,159543726,1066307,149,54,,https://sra-downloadb.be-md.ncbi.nlm.nih.gov/sos9/sra-pub-zq-922/SRR012/12542/SRR12542201/SRR12542201.lite.1,SRX9031681,,RNA-Seq,cDNA,TRANSCRIPTOMIC,PAIRED,0,0,ILLUMINA,Illumina MiSeq,SRP279252,PRJNA660052,3,660052,SRS7282960,SAMN15934487,simple,4153,Craterostigma plantagineum,GSM4752947,,,,,,,no,,,,,GEO,SRA1118703,,public,89FE4C297BEEFE840F6FA31402FECC57,A9AF5802DD1769068849210663E1A40E
SRR12542202,2021-01-02 12:29:32,2020-08-28 18:40:11,1724186,258233029,1724186,149,97,,https://sra-downloadb.be-md.ncbi.nlm.nih.gov/sos9/sra-pub-zq-922/SRR012/12542/SRR12542202/SRR12542202.lite.1,SRX9031681,,RNA-Seq,cDNA,TRANSCRIPTOMIC,PAIRED,0,0,ILLUMINA,Illumina MiSeq,SRP279252,PRJNA660052,3,660052,SRS7282960,SAMN15934487,simple,4153,Craterostigma plantagineum,GSM4752947,,,,,,,no,,,,,GEO,SRA1118703,,public,317BA40536E042ECF86A17E57925ACB6,E93B902E5F37793382ABDB593B9FDB59
SRR12542203,2021-01-02 12:29:32,2020-08-28 18:40:44,2261193,339035892,2261193,149,145,,https://sra-downloadb.be-md.ncbi.nlm.nih.gov/sos9/sra-pub-zq-924/SRR012/12542/SRR12542203/SRR12542203.lite.1,SRX9031681,,RNA-Seq,cDNA,TRANSCRIPTOMIC,PAIRED,0,0,ILLUMINA,Illumina MiSeq,SRP279252,PRJNA660052,3,660052,SRS7282960,SAMN15934487,simple,4153,Craterostigma plantagineum,GSM4752947,,,,,,,no,,,,,GEO,SRA1118703,,public,39EA5492238082B70AF9D1F4D54FCD3D,BD83F2A7655E6288C7BD70A7D7CEC35C
SRR12542204,2021-01-02 12:29:32,2020-08-28 18:40:52,2503571,375636781,2503571,150,178,,https://sra-downloadb.be-md.ncbi.nlm.nih.gov/sos9/sra-pub-zq-924/SRR012/12542/SRR12542204/SRR12542204.lite.1,SRX9031681,,RNA-Seq,cDNA,TRANSCRIPTOMIC,PAIRED,0,0,ILLUMINA,Illumina MiSeq,SRP279252,PRJNA660052,3,660052,SRS7282960,SAMN15934487,simple,4153,Craterostigma plantagineum,GSM4752947,,,,,,,no,,,,,GEO,SRA1118703,,public,F4DB5A2AF18BD30F03F578992E0E9882,3AC8A9DA653C233AB06F2E3B51E00DBC
SRR12542205,2021-01-02 12:29:32,2020-08-28 18:40:19,1521117,227802120,1521117,149,83,,https://sra-downloadb.be-md.ncbi.nlm.nih.gov/sos9/sra-pub-zq-924/SRR012/12542/SRR12542205/SRR12542205.lite.1,SRX9031681,,RNA-Seq,cDNA,TRANSCRIPTOMIC,PAIRED,0,0,ILLUMINA,Illumina MiSeq,SRP279252,PRJNA660052,3,660052,SRS7282960,SAMN15934487,simple,4153,Craterostigma plantagineum,GSM4752947,,,,,,,no,,,,,GEO,SRA1118703,,public,DAB4B77AAC995B5030C40CA22AEE2A60,BB14716B023E456CA1A8F5992169C879
SRR12542206,2021-01-02 12:29:32,2020-08-28 18:40:24,1198909,180036889,1198909,150,61,,https://sra-downloadb.be-md.ncbi.nlm.nih.gov/sos9/sra-pub-zq-924/SRR012/12542/SRR12542206/SRR12542206.lite.1,SRX9031682,,RNA-Seq,cDNA,TRANSCRIPTOMIC,PAIRED,0,0,ILLUMINA,Illumina MiSeq,SRP279252,PRJNA660052,3,660052,SRS7282961,SAMN15934486,simple,4153,Craterostigma plantagineum,GSM4752948,,,,,,,no,,,,,GEO,SRA1118703,,public,4088D97B96941AAF4FD85D5B4D57327E,9D1BDA47087EB39AAECD4A51A3481FF4
SRR12542207,2021-01-02 12:29:32,2020-08-28 18:40:29,1949397,292933632,1949397,150,110,,https://sra-downloadb.be-md.ncbi.nlm.nih.gov/sos9/sra-pub-zq-922/SRR012/12542/SRR12542207/SRR12542207.lite.1,SRX9031682,,RNA-Seq,cDNA,TRANSCRIPTOMIC,PAIRED,0,0,ILLUMINA,Illumina MiSeq,SRP279252,PRJNA660052,3,660052,SRS7282961,SAMN15934486,simple,4153,Craterostigma plantagineum,GSM4752948,,,,,,,no,,,,,GEO,SRA1118703,,public,3E8C4ECC4F157416B05E68E10BD51925,96DE96DA7773DF0AD4C75C318CF7736E
SRR12542208,2021-01-02 12:29:32,2020-08-28 18:41:02,2571862,386759835,2571862,150,165,,https://sra-downloadb.be-md.ncbi.nlm.nih.gov/sos9/sra-pub-zq-922/SRR012/12542/SRR12542208/SRR12542208.lite.1,SRX9031682,,RNA-Seq,cDNA,TRANSCRIPTOMIC,PAIRED,0,0,ILLUMINA,Illumina MiSeq,SRP279252,PRJNA660052,3,660052,SRS7282961,SAMN15934486,simple,4153,Craterostigma plantagineum,GSM4752948,,,,,,,no,,,,,GEO,SRA1118703,,public,F7E9E50BA348DAC78A6B041018276ED0,3DCDA3D94BE960E62D98D8CE07AEFE36
SRR12542209,2021-01-02 12:29:32,2020-08-28 18:41:17,2987942,449489920,2987942,150,213,,https://sra-downloadb.be-md.ncbi.nlm.nih.gov/sos9/sra-pub-zq-922/SRR012/12542/SRR12542209/SRR12542209.lite.1,SRX9031682,,RNA-Seq,cDNA,TRANSCRIPTOMIC,PAIRED,0,0,ILLUMINA,Illumina MiSeq,SRP279252,PRJNA660052,3,660052,SRS7282961,SAMN15934486,simple,4153,Craterostigma plantagineum,GSM4752948,,,,,,,no,,,,,GEO,SRA1118703,,public,CBE4C72F40B486CAAA3D3EF8133EF0D8,7D54489B44FF36B07A1EE9CCB043A5A3
SRR12542210,2021-01-02 12:29:32,2020-08-28 18:40:29,1702548,255822237,1702548,150,93,,https://sra-downloadb.be-md.ncbi.nlm.nih.gov/sos9/sra-pub-zq-922/SRR012/12542/SRR12542210/SRR12542210.lite.1,SRX9031682,,RNA-Seq,cDNA,TRANSCRIPTOMIC,PAIRED,0,0,ILLUMINA,Illumina MiSeq,SRP279252,PRJNA660052,3,660052,SRS7282961,SAMN15934486,simple,4153,Craterostigma plantagineum,GSM4752948,,,,,,,no,,,,,GEO,SRA1118703,,public,42643DE78BDFD193D86A617E6D212A1C,7CCC9E6499F6268F10877418D065BD38
SRR12542211,2021-01-02 12:29:32,2020-08-28 18:40:23,1145948,171899790,1145948,150,59,,https://sra-downloadb.be-md.ncbi.nlm.nih.gov/sos9/sra-pub-zq-924/SRR012/12542/SRR12542211/SRR12542211.lite.1,SRX9031683,,RNA-Seq,cDNA,TRANSCRIPTOMIC,PAIRED,0,0,ILLUMINA,Illumina MiSeq,SRP279252,PRJNA660052,3,660052,SRS7282962,SAMN15934485,simple,4153,Craterostigma plantagineum,GSM4752949,,,,,,,no,,,,,GEO,SRA1118703,,public,081E885BC4888F5CB992E06007695B12,1E27AA372DCA582E85CD0AD0E97E2CE6
SRR12542212,2021-01-02 12:29:32,2020-08-28 18:40:50,1827903,274425726,1827903,150,106,,https://sra-downloadb.be-md.ncbi.nlm.nih.gov/sos9/sra-pub-zq-924/SRR012/12542/SRR12542212/SRR12542212.lite.1,SRX9031683,,RNA-Seq,cDNA,TRANSCRIPTOMIC,PAIRED,0,0,ILLUMINA,Illumina MiSeq,SRP279252,PRJNA660052,3,660052,SRS7282962,SAMN15934485,simple,4153,Craterostigma plantagineum,GSM4752949,,,,,,,no,,,,,GEO,SRA1118703,,public,2C580967C7508055A8DE1E04CC04C7CE,301BF3C8673037F3624E3E5EE31021B1
SRR12542213,2021-01-02 12:29:32,2020-08-28 18:40:52,2391469,359359810,2391469,150,157,,https://sra-downloadb.be-md.ncbi.nlm.nih.gov/sos9/sra-pub-zq-924/SRR012/12542/SRR12542213/SRR12542213.lite.1,SRX9031683,,RNA-Seq,cDNA,TRANSCRIPTOMIC,PAIRED,0,0,ILLUMINA,Illumina MiSeq,SRP279252,PRJNA660052,3,660052,SRS7282962,SAMN15934485,simple,4153,Craterostigma plantagineum,GSM4752949,,,,,,,no,,,,,GEO,SRA1118703,,public,A095E475D1674A9B2616E476EC8759A5,722CA5ECC3855D209D32B5445D55CE33
SRR12542214,2021-01-02 12:29:32,2020-08-28 18:41:08,2568461,386185370,2568461,150,187,,https://sra-downloadb.be-md.ncbi.nlm.nih.gov/sos9/sra-pub-zq-922/SRR012/12542/SRR12542214/SRR12542214.lite.1,SRX9031683,,RNA-Seq,cDNA,TRANSCRIPTOMIC,PAIRED,0,0,ILLUMINA,Illumina MiSeq,SRP279252,PRJNA660052,3,660052,SRS7282962,SAMN15934485,simple,4153,Craterostigma plantagineum,GSM4752949,,,,,,,no,,,,,GEO,SRA1118703,,public,35C2B9173687BF37ED1C8604BD88719E,C90D5A7CB1BC9EA19F4E42102962E998
SRR12542215,2021-01-02 12:29:32,2020-08-28 18:40:34,1615608,242532326,1615608,150,91,,https://sra-downloadb.be-md.ncbi.nlm.nih.gov/sos9/sra-pub-zq-922/SRR012/12542/SRR12542215/SRR12542215.lite.1,SRX9031683,,RNA-Seq,cDNA,TRANSCRIPTOMIC,PAIRED,0,0,ILLUMINA,Illumina MiSeq,SRP279252,PRJNA660052,3,660052,SRS7282962,SAMN15934485,simple,4153,Craterostigma plantagineum,GSM4752949,,,,,,,no,,,,,GEO,SRA1118703,,public,6C37537454BD6FB2E9BEA134BDC0DE50,243E8ADA617B75257821D9D97A45C447
SRR12542216,2021-01-02 12:29:32,2020-08-28 18:40:29,1211008,180723013,1211008,149,61,,https://sra-downloadb.be-md.ncbi.nlm.nih.gov/sos9/sra-pub-zq-922/SRR012/12542/SRR12542216/SRR12542216.lite.1,SRX9031684,,RNA-Seq,cDNA,TRANSCRIPTOMIC,PAIRED,0,0,ILLUMINA,Illumina MiSeq,SRP279252,PRJNA660052,3,660052,SRS7282963,SAMN15934484,simple,4153,Craterostigma plantagineum,GSM4752950,,,,,,,no,,,,,GEO,SRA1118703,,public,36517509E470A9555F22094133205E02,33747B2545F045ED13DE0D5FD2EDB634
SRR12542217,2021-01-02 12:29:32,2020-08-28 18:40:45,1960291,292975096,1960291,149,110,,https://sra-downloadb.be-md.ncbi.nlm.nih.gov/sos9/sra-pub-zq-924/SRR012/12542/SRR12542217/SRR12542217.lite.1,SRX9031684,,RNA-Seq,cDNA,TRANSCRIPTOMIC,PAIRED,0,0,ILLUMINA,Illumina MiSeq,SRP279252,PRJNA660052,3,660052,SRS7282963,SAMN15934484,simple,4153,Craterostigma plantagineum,GSM4752950,,,,,,,no,,,,,GEO,SRA1118703,,public,C94BEEA2C2DF23DE385F04BF1DF916AD,D25CC574156707E5A4292E8D788B7AAF
SRR12542218,2021-01-02 12:29:32,2020-08-28 18:41:05,2665737,398979853,2665737,149,170,,https://sra-downloadb.be-md.ncbi.nlm.nih.gov/sos9/sra-pub-zq-922/SRR012/12542/SRR12542218/SRR12542218.lite.1,SRX9031684,,RNA-Seq,cDNA,TRANSCRIPTOMIC,PAIRED,0,0,ILLUMINA,Illumina MiSeq,SRP279252,PRJNA660052,3,660052,SRS7282963,SAMN15934484,simple,4153,Craterostigma plantagineum,GSM4752950,,,,,,,no,,,,,GEO,SRA1118703,,public,FBA0C387C6CF2E213D544B7BB262722C,CE663038F93D2E5BE98D96FF72A16256
SRR12542219,2021-01-02 12:29:32,2020-08-28 18:41:34,2979731,446369934,2979731,149,211,,https://sra-downloadb.be-md.ncbi.nlm.nih.gov/sos9/sra-pub-zq-922/SRR012/12542/SRR12542219/SRR12542219.lite.1,SRX9031684,,RNA-Seq,cDNA,TRANSCRIPTOMIC,PAIRED,0,0,ILLUMINA,Illumina MiSeq,SRP279252,PRJNA660052,3,660052,SRS7282963,SAMN15934484,simple,4153,Craterostigma plantagineum,GSM4752950,,,,,,,no,,,,,GEO,SRA1118703,,public,90A7F0C26BA4E6B5E604861298CD53FC,460B3A141B7C3AE1662C4ACD83321E5D
SRR12542220,2021-01-02 12:29:32,2020-08-28 18:40:51,1717691,256588454,1717691,149,94,,https://sra-downloadb.be-md.ncbi.nlm.nih.gov/sos9/sra-pub-zq-924/SRR012/12542/SRR12542220/SRR12542220.lite.1,SRX9031684,,RNA-Seq,cDNA,TRANSCRIPTOMIC,PAIRED,0,0,ILLUMINA,Illumina MiSeq,SRP279252,PRJNA660052,3,660052,SRS7282963,SAMN15934484,simple,4153,Craterostigma plantagineum,GSM4752950,,,,,,,no,,,,,GEO,SRA1118703,,public,46C968D18D07B21E7F7ADB775F539F36,1B6CF863CB13158F9A4313160D3D58CE
